{"total_time_ms":50436.63952636719,"_runtime":72,"pixel_roc":0.994756381246768,"image_roc":0.8484848484848485,"avg_total_time_ms":2572.253603515625,"avg_pose_time_ms":2017.4655810546874,"_step":2,"pose_time_ms":{"nrows":25,"log_mode":"IMMUTABLE","sha256":"185267b0c9402174538d16127261ab16c0ddcddee1687e42d838190a4a78c4d9","artifact_path":"wandb-client-artifact://1o55pvj2dzdzmmkiodb67592t9qo9377fxq08aj3g1lgtbcheunt0ytqab3w4p5wpi58ndnucdwyvw7xzqxs2jyhbrnoeczbpyhjyp1a5v03rme5hrh336q76knx0ors/pose_time_ms.table.json","ncols":2,"path":"media/table/pose_time_ms_0_185267b0c9402174538d.table.json","size":661,"_latest_artifact_path":"wandb-client-artifact://9lafiixkbhzdertzmi1t953y2la5zlmz3ek4shb7zqovfz4hvgce4661yjiwykndgl1jf3kp5630xd21xlirv3dsmqs00jgizl2cejhzp5x5qbq20afi4gdyg6dq61mg:latest/pose_time_ms.table.json","_type":"table-file"},"_wandb":{"runtime":72},"aupro":0.9551418817027415,"_timestamp":1.7676965549127228e+09}