{"avg_pose_time_ms":2015.6309375,"_step":2,"_wandb":{"runtime":71},"_runtime":71,"pixel_roc":0.994749843966195,"image_roc":0.8484848484848485,"aupro":0.9553775838888314,"pose_time_ms":{"size":656,"_type":"table-file","nrows":25,"_latest_artifact_path":"wandb-client-artifact://fpxcqa39en6f3avyr7x8ko0fjzt1uqcm7kmse4qjg9e18ys8ivfe1lyc9qwlbb38rpka0nik4te0ectd2z0yxhb94llezydk0gei8p03zg2wtxxeqtkimvjrbvcklp73:latest/pose_time_ms.table.json","path":"media/table/pose_time_ms_0_541e22f42ff081a1583b.table.json","log_mode":"IMMUTABLE","artifact_path":"wandb-client-artifact://te0jo67wfsg2yitboyig67eehuin9zdbw78f3ntaat97pxk7c0ycxptlk44oamcykq7x3muge6gmvy9bs6ch3g9u8t1tsksyq9tcjn2ivg9elyrzqpllqrgfue14z83e/pose_time_ms.table.json","sha256":"541e22f42ff081a1583bb0867143bdcb593ac5bfc8a1f28f0d2578eab27e349e","ncols":2},"total_time_ms":50390.7734375,"_timestamp":1.76769716102713e+09,"avg_total_time_ms":2564.4167578125}